"module name","license","repository"
"@csstools/convert-colors@1.4.0","CC0-1.0","https://github.com/jonathantneal/convert-colors"
"@webassemblyjs/ast@1.5.13","MIT","https://github.com/xtuc/webassemblyjs"
"@webassemblyjs/floating-point-hex-parser@1.5.13","MIT","https://github.com/xtuc/webassemblyjs"
"@webassemblyjs/helper-api-error@1.5.13","MIT",""
"@webassemblyjs/helper-buffer@1.5.13","MIT","https://github.com/xtuc/webassemblyjs"
"@webassemblyjs/helper-code-frame@1.5.13","MIT","https://github.com/xtuc/webassemblyjs"
"@webassemblyjs/helper-fsm@1.5.13","ISC",""
"@webassemblyjs/helper-module-context@1.5.13","MIT","https://github.com/xtuc/webassemblyjs"
"@webassemblyjs/helper-wasm-bytecode@1.5.13","MIT","https://github.com/xtuc/webassemblyjs"
"@webassemblyjs/helper-wasm-section@1.5.13","MIT","https://github.com/xtuc/webassemblyjs"
"@webassemblyjs/ieee754@1.5.13","MIT",""
"@webassemblyjs/leb128@1.5.13","MIT",""
"@webassemblyjs/utf8@1.5.13","MIT","https://github.com/xtuc/webassemblyjs"
"@webassemblyjs/wasm-edit@1.5.13","MIT","https://github.com/xtuc/webassemblyjs"
"@webassemblyjs/wasm-gen@1.5.13","MIT","https://github.com/xtuc/webassemblyjs"
"@webassemblyjs/wasm-opt@1.5.13","MIT","https://github.com/xtuc/webassemblyjs"
"@webassemblyjs/wasm-parser@1.5.13","MIT","https://github.com/xtuc/webassemblyjs"
"@webassemblyjs/wast-parser@1.5.13","MIT","https://github.com/xtuc/webassemblyjs"
"@webassemblyjs/wast-printer@1.5.13","MIT","https://github.com/xtuc/webassemblyjs"
"@webpack-contrib/schema-utils@1.0.0-beta.0","MIT","https://github.com/webpack-contrib/schema-utils"
"abbrev@1.1.1","ISC","https://github.com/isaacs/abbrev-js"
"accepts@1.3.5","MIT","https://github.com/jshttp/accepts"
"acorn-dynamic-import@3.0.0","MIT","https://github.com/kesne/acorn-dynamic-import"
"acorn@5.7.1","MIT","https://github.com/acornjs/acorn"
"ajv-keywords@3.2.0","MIT","https://github.com/epoberezkin/ajv-keywords"
"ajv@6.5.2","MIT","https://github.com/epoberezkin/ajv"
"alphanum-sort@1.0.2","MIT","https://github.com/TrySound/alphanum-sort"
"ansi-escapes@3.1.0","MIT","https://github.com/sindresorhus/ansi-escapes"
"ansi-regex@0.2.1","MIT","https://github.com/sindresorhus/ansi-regex"
"ansi-regex@2.1.1","MIT","https://github.com/chalk/ansi-regex"
"ansi-regex@3.0.0","MIT","https://github.com/chalk/ansi-regex"
"ansi-styles@1.1.0","MIT","https://github.com/sindresorhus/ansi-styles"
"ansi-styles@2.2.1","MIT","https://github.com/chalk/ansi-styles"
"ansi-styles@3.2.1","MIT","https://github.com/chalk/ansi-styles"
"anymatch@1.3.2","ISC","https://github.com/es128/anymatch"
"anymatch@2.0.0","ISC","https://github.com/micromatch/anymatch"
"apache-crypt@1.2.1","MIT","https://github.com/http-auth/apache-crypt"
"apache-md5@1.1.2","MIT","https://github.com/http-auth/apache-md5"
"aproba@1.2.0","ISC","https://github.com/iarna/aproba"
"aqp.org@1.1.0","CC0-1.0",""
"argparse@1.0.10","MIT","https://github.com/nodeca/argparse"
"arr-diff@2.0.0","MIT","https://github.com/jonschlinkert/arr-diff"
"arr-diff@4.0.0","MIT","https://github.com/jonschlinkert/arr-diff"
"arr-flatten@1.1.0","MIT","https://github.com/jonschlinkert/arr-flatten"
"arr-union@3.1.0","MIT","https://github.com/jonschlinkert/arr-union"
"array-union@1.0.2","MIT","https://github.com/sindresorhus/array-union"
"array-uniq@1.0.3","MIT","https://github.com/sindresorhus/array-uniq"
"array-unique@0.2.1","MIT","https://github.com/jonschlinkert/array-unique"
"array-unique@0.3.2","MIT","https://github.com/jonschlinkert/array-unique"
"arrify@1.0.1","MIT","https://github.com/sindresorhus/arrify"
"asap@2.0.6","MIT","https://github.com/kriskowal/asap"
"asn1.js@4.10.1","MIT","https://github.com/indutny/asn1.js"
"assert@1.4.1","MIT","https://github.com/defunctzombie/commonjs-assert"
"assign-symbols@1.0.0","MIT","https://github.com/jonschlinkert/assign-symbols"
"ast-types@0.9.6","MIT","https://github.com/benjamn/ast-types"
"async-each@1.0.1","MIT","https://github.com/paulmillr/async-each"
"atob@2.1.1","(MIT OR Apache-2.0)","git://git.coolaj86.com/coolaj86/atob.js"
"autoprefixer@8.6.5","MIT","https://github.com/postcss/autoprefixer"
"babel-code-frame@6.26.0","MIT","https://github.com/babel/babel/tree/master/packages/babel-code-frame"
"balanced-match@0.4.2","MIT","https://github.com/juliangruber/balanced-match"
"balanced-match@1.0.0","MIT","https://github.com/juliangruber/balanced-match"
"base64-js@1.3.0","MIT","https://github.com/beatgammit/base64-js"
"base@0.11.2","MIT","https://github.com/node-base/base"
"basic-auth@2.0.0","MIT","https://github.com/jshttp/basic-auth"
"batch@0.6.1","MIT","https://github.com/visionmedia/batch"
"bcryptjs@2.4.3","MIT","https://github.com/dcodeIO/bcrypt.js"
"big.js@3.2.0","MIT","https://github.com/MikeMcl/big.js"
"binary-extensions@1.11.0","MIT","https://github.com/sindresorhus/binary-extensions"
"bluebird@3.5.1","MIT","https://github.com/petkaantonov/bluebird"
"bn.js@4.11.8","MIT","https://github.com/indutny/bn.js"
"boolbase@1.0.0","ISC","https://github.com/fb55/boolbase"
"brace-expansion@1.1.11","MIT","https://github.com/juliangruber/brace-expansion"
"braces@1.8.5","MIT","https://github.com/jonschlinkert/braces"
"braces@2.3.2","MIT","https://github.com/micromatch/braces"
"brorand@1.1.0","MIT","https://github.com/indutny/brorand"
"browserify-aes@1.2.0","MIT","https://github.com/crypto-browserify/browserify-aes"
"browserify-cipher@1.0.1","MIT","https://github.com/crypto-browserify/browserify-cipher"
"browserify-des@1.0.2","MIT","https://github.com/crypto-browserify/browserify-des"
"browserify-rsa@4.0.1","MIT","https://github.com/crypto-browserify/browserify-rsa"
"browserify-sign@4.0.4","ISC","https://github.com/crypto-browserify/browserify-sign"
"browserify-zlib@0.2.0","MIT","https://github.com/devongovett/browserify-zlib"
"browserslist@3.2.8","MIT","https://github.com/browserslist/browserslist"
"browserslist@4.0.1","MIT","https://github.com/browserslist/browserslist"
"buffer-from@1.1.0","MIT","https://github.com/LinusU/buffer-from"
"buffer-xor@1.0.3","MIT","https://github.com/crypto-browserify/buffer-xor"
"buffer@4.9.1","MIT","https://github.com/feross/buffer"
"builtin-modules@1.1.1","MIT","https://github.com/sindresorhus/builtin-modules"
"builtin-status-codes@3.0.0","MIT","https://github.com/bendrucker/builtin-status-codes"
"cacache@10.0.4","ISC","https://github.com/zkat/cacache"
"cache-base@1.0.1","MIT","https://github.com/jonschlinkert/cache-base"
"camel-case@3.0.0","MIT","https://github.com/blakeembrey/camel-case"
"camelcase@4.1.0","MIT","https://github.com/sindresorhus/camelcase"
"caniuse-api@3.0.0","MIT","https://github.com/nyalab/caniuse-api"
"caniuse-lite@1.0.30000865","CC-BY-4.0","https://github.com/ben-eb/caniuse-lite"
"chalk@0.5.1","MIT","https://github.com/sindresorhus/chalk"
"chalk@1.1.3","MIT","https://github.com/chalk/chalk"
"chalk@2.4.1","MIT","https://github.com/chalk/chalk"
"chardet@0.5.0","MIT","https://github.com/runk/node-chardet"
"chokidar@1.7.0","MIT","https://github.com/paulmillr/chokidar"
"chokidar@2.0.4","MIT","https://github.com/paulmillr/chokidar"
"chownr@1.0.1","ISC","https://github.com/isaacs/chownr"
"chrome-trace-event@1.0.0","MIT","github.com:samccone/chrome-trace-event"
"cipher-base@1.0.4","MIT","https://github.com/crypto-browserify/cipher-base"
"class-utils@0.3.6","MIT","https://github.com/jonschlinkert/class-utils"
"clean-css@4.1.11","MIT","https://github.com/jakubpawlowicz/clean-css"
"cli-cursor@2.1.0","MIT","https://github.com/sindresorhus/cli-cursor"
"cli-width@2.2.0","ISC","https://github.com/knownasilya/cli-width"
"cliui@4.1.0","ISC","https://github.com/yargs/cliui"
"coa@2.0.1","MIT","https://github.com/veged/coa"
"code-point-at@1.1.0","MIT","https://github.com/sindresorhus/code-point-at"
"collection-visit@1.0.0","MIT","https://github.com/jonschlinkert/collection-visit"
"color-convert@1.9.2","MIT","https://github.com/Qix-/color-convert"
"color-name@1.1.1","MIT","https://github.com/dfcreative/color-name"
"color-string@1.5.2","MIT","https://github.com/Qix-/color-string"
"color@1.0.3","MIT","https://github.com/Qix-/color"
"color@3.0.0","MIT","https://github.com/Qix-/color"
"colors@1.1.2","MIT","https://github.com/Marak/colors.js"
"colors@1.3.1","MIT","https://github.com/Marak/colors.js"
"commander@2.13.0","MIT","https://github.com/tj/commander.js"
"commander@2.16.0","MIT","https://github.com/tj/commander.js"
"commondir@1.0.1","MIT","https://github.com/substack/node-commondir"
"component-emitter@1.2.1","MIT","https://github.com/component/emitter"
"concat-map@0.0.1","MIT","https://github.com/substack/node-concat-map"
"concat-stream@1.6.2","MIT","https://github.com/maxogden/concat-stream"
"connect@3.5.1","MIT","https://github.com/senchalabs/connect"
"console-browserify@1.1.0","MIT","https://github.com/Raynos/console-browserify"
"constants-browserify@1.0.0","MIT","https://github.com/juliangruber/constants-browserify"
"copy-concurrently@1.0.5","ISC","https://github.com/npm/copy-concurrently"
"copy-descriptor@0.1.1","MIT","https://github.com/jonschlinkert/copy-descriptor"
"copy-webpack-plugin@4.5.2","MIT","https://github.com/webpack-contrib/copy-webpack-plugin"
"core-util-is@1.0.2","MIT","https://github.com/isaacs/core-util-is"
"cors@2.8.4","MIT","https://github.com/expressjs/cors"
"cosmiconfig@4.0.0","MIT","https://github.com/davidtheclark/cosmiconfig"
"cosmiconfig@5.0.5","MIT","https://github.com/davidtheclark/cosmiconfig"
"create-ecdh@4.0.3","MIT","https://github.com/crypto-browserify/createECDH"
"create-hash@1.2.0","MIT","https://github.com/crypto-browserify/createHash"
"create-hmac@1.1.7","MIT","https://github.com/crypto-browserify/createHmac"
"cross-spawn@5.1.0","MIT","https://github.com/IndigoUnited/node-cross-spawn"
"cross-spawn@6.0.5","MIT","https://github.com/moxystudio/node-cross-spawn"
"crypto-browserify@3.12.0","MIT","https://github.com/crypto-browserify/crypto-browserify"
"css-color-names@0.0.4","MIT","https://github.com/bahamas10/css-color-names"
"css-declaration-sorter@3.0.1","MIT","https://github.com/Siilwyn/css-declaration-sorter"
"css-loader@1.0.0","MIT","https://github.com/webpack-contrib/css-loader"
"css-select-base-adapter@0.1.0","MIT","https://github.com/nrkn/css-select-base-adapter"
"css-select@1.2.0","BSD-like","https://github.com/fb55/css-select"
"css-select@1.3.0-rc0","BSD-like","https://github.com/fb55/css-select"
"css-selector-tokenizer@0.7.0","MIT","https://github.com/css-modules/css-selector-tokenizer"
"css-tree@1.0.0-alpha.29","MIT","https://github.com/csstree/csstree"
"css-tree@1.0.0-alpha25","MIT","https://github.com/csstree/csstree"
"css-unit-converter@1.1.1","MIT","https://github.com/andyjansson/css-unit-converter"
"css-url-regex@1.1.0","MIT","https://github.com/johnotander/css-url-regex"
"css-what@2.1.0","BSD-like","https://github.com/fb55/css-what"
"cssdb@3.1.0","CC0-1.0","https://github.com/csstools/cssdb"
"cssesc@0.1.0","MIT","https://github.com/mathiasbynens/cssesc"
"cssesc@1.0.1","MIT","https://github.com/mathiasbynens/cssesc"
"cssnano-preset-default@4.0.0","MIT","https://github.com/cssnano/cssnano"
"cssnano-util-get-arguments@4.0.0","MIT","https://github.com/cssnano/cssnano"
"cssnano-util-get-match@4.0.0","MIT","https://github.com/cssnano/cssnano"
"cssnano-util-raw-cache@4.0.0","MIT","https://github.com/cssnano/cssnano"
"cssnano-util-same-parent@4.0.0","MIT","https://github.com/cssnano/cssnano"
"cssnano@4.0.3","MIT","https://github.com/cssnano/cssnano"
"csso@3.5.1","MIT","https://github.com/css/csso"
"cyclist@0.2.2","MIT*","https://github.com/mafintosh/cyclist"
"d@1.0.0","MIT","https://github.com/medikoo/d"
"date-now@0.1.4","MIT","https://github.com/Colingo/date-now"
"debug@2.2.0","MIT","https://github.com/visionmedia/debug"
"debug@2.6.9","MIT","https://github.com/visionmedia/debug"
"debug@3.1.0","MIT","https://github.com/visionmedia/debug"
"debuglog@1.0.1","MIT","https://github.com/sam-github/node-debuglog"
"decamelize@2.0.0","MIT","https://github.com/sindresorhus/decamelize"
"decode-uri-component@0.2.0","MIT","https://github.com/SamVerschueren/decode-uri-component"
"define-properties@1.1.2","MIT","https://github.com/ljharb/define-properties"
"define-property@0.2.5","MIT","https://github.com/jonschlinkert/define-property"
"define-property@1.0.0","MIT","https://github.com/jonschlinkert/define-property"
"define-property@2.0.2","MIT","https://github.com/jonschlinkert/define-property"
"depd@1.1.2","MIT","https://github.com/dougwilson/nodejs-depd"
"des.js@1.0.0","MIT","https://github.com/indutny/des.js"
"destroy@1.0.4","MIT","https://github.com/stream-utils/destroy"
"dezalgo@1.0.3","ISC","https://github.com/npm/dezalgo"
"diffie-hellman@5.0.3","MIT","https://github.com/crypto-browserify/diffie-hellman"
"dir-glob@2.0.0","MIT","https://github.com/kevva/dir-glob"
"dom-converter@0.1.4","MIT","https://github.com/AriaMinaei/dom-converter"
"dom-serializer@0.1.0","MIT","https://github.com/cheeriojs/dom-renderer"
"domain-browser@1.2.0","MIT","https://github.com/bevry/domain-browser"
"domelementtype@1.1.3","BSD*","https://github.com/FB55/domelementtype"
"domelementtype@1.3.0","BSD*","https://github.com/FB55/domelementtype"
"domhandler@2.1.0","BSD*","https://github.com/fb55/domhandler"
"domutils@1.1.6","BSD*","https://github.com/FB55/domutils"
"domutils@1.5.1","BSD*","https://github.com/FB55/domutils"
"dot-prop@4.2.0","MIT","https://github.com/sindresorhus/dot-prop"
"duplexer@0.1.1","MIT","https://github.com/Raynos/duplexer"
"duplexify@3.6.0","MIT","https://github.com/mafintosh/duplexify"
"ee-first@1.1.1","MIT","https://github.com/jonathanong/ee-first"
"electron-to-chromium@1.3.52","ISC","https://github.com/kilian/electron-to-chromium"
"elliptic@6.4.0","MIT","https://github.com/indutny/elliptic"
"emojis-list@2.1.0","MIT","https://github.com/kikobeats/emojis-list"
"encodeurl@1.0.2","MIT","https://github.com/pillarjs/encodeurl"
"end-of-stream@1.4.1","MIT","https://github.com/mafintosh/end-of-stream"
"enhanced-resolve@4.1.0","MIT","https://github.com/webpack/enhanced-resolve"
"entities@1.1.1","BSD-like","https://github.com/fb55/node-entities"
"errno@0.1.7","MIT","https://github.com/rvagg/node-errno"
"error-ex@1.3.2","MIT","https://github.com/qix-/node-error-ex"
"es-abstract@1.12.0","MIT","https://github.com/ljharb/es-abstract"
"es-to-primitive@1.1.1","MIT","https://github.com/ljharb/es-to-primitive"
"es5-ext@0.10.45","ISC","https://github.com/medikoo/es5-ext"
"es6-iterator@2.0.3","MIT","https://github.com/medikoo/es6-iterator"
"es6-symbol@3.1.1","MIT","https://github.com/medikoo/es6-symbol"
"es6-templates@0.2.3","Apache 2","https://github.com/esnext/es6-templates"
"escape-html@1.0.3","MIT","https://github.com/component/escape-html"
"escape-string-regexp@1.0.5","MIT","https://github.com/sindresorhus/escape-string-regexp"
"eslint-scope@4.0.0","BSD-2-Clause","https://github.com/eslint/eslint-scope"
"esprima@3.1.3","BSD-2-Clause","https://github.com/jquery/esprima"
"esprima@4.0.1","BSD-2-Clause","https://github.com/jquery/esprima"
"esrecurse@4.2.1","BSD-2-Clause","https://github.com/estools/esrecurse"
"estraverse@4.2.0","BSD-2-Clause","https://github.com/estools/estraverse"
"esutils@2.0.2","BSD","https://github.com/estools/esutils"
"etag@1.8.1","MIT","https://github.com/jshttp/etag"
"event-stream@3.3.4","MIT","https://github.com/dominictarr/event-stream"
"events@1.1.1","MIT","https://github.com/Gozala/events"
"evp_bytestokey@1.0.3","MIT","https://github.com/crypto-browserify/EVP_BytesToKey"
"execa@0.7.0","MIT","https://github.com/sindresorhus/execa"
"expand-brackets@0.1.5","MIT","https://github.com/jonschlinkert/expand-brackets"
"expand-brackets@2.1.4","MIT","https://github.com/jonschlinkert/expand-brackets"
"expand-range@1.8.2","MIT","https://github.com/jonschlinkert/expand-range"
"extend-shallow@2.0.1","MIT","https://github.com/jonschlinkert/extend-shallow"
"extend-shallow@3.0.2","MIT","https://github.com/jonschlinkert/extend-shallow"
"external-editor@3.0.0","MIT","https://github.com/mrkmg/node-external-editor"
"extglob@0.3.2","MIT","https://github.com/jonschlinkert/extglob"
"extglob@2.0.4","MIT","https://github.com/micromatch/extglob"
"fast-deep-equal@2.0.1","MIT","https://github.com/epoberezkin/fast-deep-equal"
"fast-json-stable-stringify@2.0.0","MIT","https://github.com/epoberezkin/fast-json-stable-stringify"
"fastparse@1.1.1","MIT","https://github.com/webpack/fastparse"
"faye-websocket@0.11.1","MIT","https://github.com/faye/faye-websocket-node"
"figures@2.0.0","MIT","https://github.com/sindresorhus/figures"
"filename-regex@2.0.1","MIT","https://github.com/regexhq/filename-regex"
"fill-range@2.2.4","MIT","https://github.com/jonschlinkert/fill-range"
"fill-range@4.0.0","MIT","https://github.com/jonschlinkert/fill-range"
"finalhandler@0.5.1","MIT","https://github.com/pillarjs/finalhandler"
"find-cache-dir@1.0.0","MIT","https://github.com/avajs/find-cache-dir"
"find-up@2.1.0","MIT","https://github.com/sindresorhus/find-up"
"find-up@3.0.0","MIT","https://github.com/sindresorhus/find-up"
"flatten@1.0.2","MIT","https://github.com/jesusabdullah/node-flatten"
"flush-write-stream@1.0.3","MIT","https://github.com/mafintosh/flush-write-stream"
"for-in@1.0.2","MIT","https://github.com/jonschlinkert/for-in"
"for-own@0.1.5","MIT","https://github.com/jonschlinkert/for-own"
"foreach@2.0.5","MIT","https://github.com/manuelstofer/foreach"
"fragment-cache@0.2.1","MIT","https://github.com/jonschlinkert/fragment-cache"
"fresh@0.5.2","MIT","https://github.com/jshttp/fresh"
"from2@2.3.0","MIT","https://github.com/hughsk/from2"
"from@0.1.7","MIT","https://github.com/dominictarr/from"
"fs-write-stream-atomic@1.0.10","ISC","https://github.com/npm/fs-write-stream-atomic"
"fs.realpath@1.0.0","ISC","https://github.com/isaacs/fs.realpath"
"function-bind@1.1.1","MIT","https://github.com/Raynos/function-bind"
"get-caller-file@1.0.3","ISC","https://github.com/stefanpenner/get-caller-file"
"get-stream@3.0.0","MIT","https://github.com/sindresorhus/get-stream"
"get-value@2.0.6","MIT","https://github.com/jonschlinkert/get-value"
"glob-base@0.3.0","MIT","https://github.com/jonschlinkert/glob-base"
"glob-parent@2.0.0","ISC","https://github.com/es128/glob-parent"
"glob-parent@3.1.0","ISC","https://github.com/es128/glob-parent"
"glob@7.1.2","ISC","https://github.com/isaacs/node-glob"
"global-modules-path@2.3.0","Apache-2.0","https://github.com/rosen-vladimirov/global-modules-path"
"globby@7.1.1","MIT","https://github.com/sindresorhus/globby"
"graceful-fs@4.1.11","ISC","https://github.com/isaacs/node-graceful-fs"
"has-ansi@0.1.0","MIT","https://github.com/sindresorhus/has-ansi"
"has-ansi@2.0.0","MIT","https://github.com/sindresorhus/has-ansi"
"has-flag@3.0.0","MIT","https://github.com/sindresorhus/has-flag"
"has-symbols@1.0.0","MIT","https://github.com/ljharb/has-symbols"
"has-value@0.3.1","MIT","https://github.com/jonschlinkert/has-value"
"has-value@1.0.0","MIT","https://github.com/jonschlinkert/has-value"
"has-values@0.1.4","MIT","https://github.com/jonschlinkert/has-values"
"has-values@1.0.0","MIT","https://github.com/jonschlinkert/has-values"
"has@1.0.3","MIT","https://github.com/tarruda/has"
"hash-base@3.0.4","MIT","https://github.com/crypto-browserify/hash-base"
"hash.js@1.1.5","MIT","https://github.com/indutny/hash.js"
"he@1.1.1","MIT","https://github.com/mathiasbynens/he"
"hex-color-regex@1.1.0","MIT","https://github.com/regexps/hex-color-regex"
"hmac-drbg@1.0.1","MIT","https://github.com/indutny/hmac-drbg"
"hosted-git-info@2.7.1","ISC","https://github.com/npm/hosted-git-info"
"hsl-regex@1.0.0","MIT","https://github.com/regexps/hsl-regex"
"hsla-regex@1.0.0","MIT","https://github.com/regexps/hsla-regex"
"html-comment-regex@1.1.1","MIT","https://github.com/stevemao/html-comment-regex"
"html-loader@0.5.5","MIT","https://github.com/webpack-contrib/html-loader"
"html-minifier@3.5.19","MIT","https://github.com/kangax/html-minifier"
"html-webpack-inline-source-plugin@0.0.10","MIT","https://github.com/dustinjackson/html-webpack-inline-source-plugin"
"html-webpack-plugin@3.2.0","MIT","https://github.com/jantimon/html-webpack-plugin"
"htmlparser2@3.3.0","MIT","https://github.com/fb55/htmlparser2"
"http-auth@3.1.3","MIT","https://github.com/http-auth/http-auth"
"http-errors@1.6.3","MIT","https://github.com/jshttp/http-errors"
"http-parser-js@0.4.13","MIT","https://github.com/creationix/http-parser-js"
"https-browserify@1.0.0","MIT","https://github.com/substack/https-browserify"
"iconv-lite@0.4.23","MIT","https://github.com/ashtuchkin/iconv-lite"
"icss-replace-symbols@1.1.0","ISC","https://github.com/css-modules/icss-replace-symbols"
"icss-utils@2.1.0","ISC","https://github.com/css-modules/icss-utils"
"ieee754@1.1.12","BSD-3-Clause","https://github.com/feross/ieee754"
"iferr@0.1.5","MIT","https://github.com/shesek/iferr"
"ignore@3.3.10","MIT","https://github.com/kaelzhang/node-ignore"
"import-cwd@2.1.0","MIT","https://github.com/sindresorhus/import-cwd"
"import-from@2.1.0","MIT","https://github.com/sindresorhus/import-from"
"import-local@1.0.0","MIT","https://github.com/sindresorhus/import-local"
"imurmurhash@0.1.4","MIT","https://github.com/jensyt/imurmurhash-js"
"indexes-of@1.0.1","MIT","https://github.com/dominictarr/indexes-of"
"indexof@0.0.1","MIT*",""
"inflight@1.0.6","ISC","https://github.com/npm/inflight"
"inherits@2.0.1","ISC","https://github.com/isaacs/inherits"
"inherits@2.0.3","ISC","https://github.com/isaacs/inherits"
"inquirer@6.0.0","MIT","https://github.com/SBoudrias/Inquirer.js"
"interpret@1.1.0","MIT","https://github.com/tkellen/node-interpret"
"invert-kv@1.0.0","MIT","https://github.com/sindresorhus/invert-kv"
"is-absolute-url@2.1.0","MIT","https://github.com/sindresorhus/is-absolute-url"
"is-accessor-descriptor@0.1.6","MIT","https://github.com/jonschlinkert/is-accessor-descriptor"
"is-accessor-descriptor@1.0.0","MIT","https://github.com/jonschlinkert/is-accessor-descriptor"
"is-arrayish@0.2.1","MIT","https://github.com/qix-/node-is-arrayish"
"is-arrayish@0.3.2","MIT","https://github.com/qix-/node-is-arrayish"
"is-binary-path@1.0.1","MIT","https://github.com/sindresorhus/is-binary-path"
"is-buffer@1.1.6","MIT","https://github.com/feross/is-buffer"
"is-builtin-module@1.0.0","MIT","https://github.com/sindresorhus/is-builtin-module"
"is-callable@1.1.4","MIT","https://github.com/ljharb/is-callable"
"is-color-stop@1.1.0","MIT","https://github.com/pigcan/is-color-stop"
"is-data-descriptor@0.1.4","MIT","https://github.com/jonschlinkert/is-data-descriptor"
"is-data-descriptor@1.0.0","MIT","https://github.com/jonschlinkert/is-data-descriptor"
"is-date-object@1.0.1","MIT","https://github.com/ljharb/is-date-object"
"is-descriptor@0.1.6","MIT","https://github.com/jonschlinkert/is-descriptor"
"is-descriptor@1.0.2","MIT","https://github.com/jonschlinkert/is-descriptor"
"is-directory@0.3.1","MIT","https://github.com/jonschlinkert/is-directory"
"is-dotfile@1.0.3","MIT","https://github.com/jonschlinkert/is-dotfile"
"is-equal-shallow@0.1.3","MIT","https://github.com/jonschlinkert/is-equal-shallow"
"is-extendable@0.1.1","MIT","https://github.com/jonschlinkert/is-extendable"
"is-extendable@1.0.1","MIT","https://github.com/jonschlinkert/is-extendable"
"is-extglob@1.0.0","MIT","https://github.com/jonschlinkert/is-extglob"
"is-extglob@2.1.1","MIT","https://github.com/jonschlinkert/is-extglob"
"is-fullwidth-code-point@1.0.0","MIT","https://github.com/sindresorhus/is-fullwidth-code-point"
"is-fullwidth-code-point@2.0.0","MIT","https://github.com/sindresorhus/is-fullwidth-code-point"
"is-glob@2.0.1","MIT","https://github.com/jonschlinkert/is-glob"
"is-glob@3.1.0","MIT","https://github.com/jonschlinkert/is-glob"
"is-glob@4.0.0","MIT","https://github.com/jonschlinkert/is-glob"
"is-number@2.1.0","MIT","https://github.com/jonschlinkert/is-number"
"is-number@3.0.0","MIT","https://github.com/jonschlinkert/is-number"
"is-number@4.0.0","MIT","https://github.com/jonschlinkert/is-number"
"is-obj@1.0.1","MIT","https://github.com/sindresorhus/is-obj"
"is-plain-object@2.0.4","MIT","https://github.com/jonschlinkert/is-plain-object"
"is-posix-bracket@0.1.1","MIT","https://github.com/jonschlinkert/is-posix-bracket"
"is-primitive@2.0.0","MIT","https://github.com/jonschlinkert/is-primitive"
"is-promise@2.1.0","MIT","https://github.com/then/is-promise"
"is-regex@1.0.4","MIT","https://github.com/ljharb/is-regex"
"is-resolvable@1.1.0","ISC","https://github.com/shinnn/is-resolvable"
"is-stream@1.1.0","MIT","https://github.com/sindresorhus/is-stream"
"is-svg@3.0.0","MIT","https://github.com/sindresorhus/is-svg"
"is-symbol@1.0.1","MIT","https://github.com/ljharb/is-symbol"
"is-windows@1.0.2","MIT","https://github.com/jonschlinkert/is-windows"
"is-wsl@1.1.0","MIT","https://github.com/sindresorhus/is-wsl"
"isarray@0.0.1","MIT","https://github.com/juliangruber/isarray"
"isarray@1.0.0","MIT","https://github.com/juliangruber/isarray"
"isexe@2.0.0","ISC","https://github.com/isaacs/isexe"
"isobject@2.1.0","MIT","https://github.com/jonschlinkert/isobject"
"isobject@3.0.1","MIT","https://github.com/jonschlinkert/isobject"
"js-tokens@3.0.2","MIT","https://github.com/lydell/js-tokens"
"js-yaml@3.10.0","MIT","https://github.com/nodeca/js-yaml"
"js-yaml@3.12.0","MIT","https://github.com/nodeca/js-yaml"
"jsesc@0.5.0","MIT","https://github.com/mathiasbynens/jsesc"
"json-parse-better-errors@1.0.2","MIT","https://github.com/zkat/json-parse-better-errors"
"json-schema-traverse@0.4.1","MIT","https://github.com/epoberezkin/json-schema-traverse"
"json5@0.5.1","MIT","https://github.com/aseemk/json5"
"kind-of@3.2.2","MIT","https://github.com/jonschlinkert/kind-of"
"kind-of@4.0.0","MIT","https://github.com/jonschlinkert/kind-of"
"kind-of@5.1.0","MIT","https://github.com/jonschlinkert/kind-of"
"kind-of@6.0.2","MIT","https://github.com/jonschlinkert/kind-of"
"lcid@1.0.0","MIT","https://github.com/sindresorhus/lcid"
"license-checker@8.0.4","BSD-3-Clause","https://github.com/davglass/license-checker"
"live-server@1.2.0","MIT","https://github.com/tapio/live-server"
"loader-runner@2.3.0","MIT","https://github.com/webpack/loader-runner"
"loader-utils@0.2.17","MIT","https://github.com/webpack/loader-utils"
"loader-utils@1.1.0","MIT","https://github.com/webpack/loader-utils"
"locate-path@2.0.0","MIT","https://github.com/sindresorhus/locate-path"
"locate-path@3.0.0","MIT","https://github.com/sindresorhus/locate-path"
"lodash._reinterpolate@3.0.0","MIT","https://github.com/lodash/lodash"
"lodash.camelcase@4.3.0","MIT","https://github.com/lodash/lodash"
"lodash.debounce@4.0.8","MIT","https://github.com/lodash/lodash"
"lodash.memoize@4.1.2","MIT","https://github.com/lodash/lodash"
"lodash.template@4.4.0","MIT","https://github.com/lodash/lodash"
"lodash.templatesettings@4.1.0","MIT","https://github.com/lodash/lodash"
"lodash.uniq@4.5.0","MIT","https://github.com/lodash/lodash"
"lodash@4.17.10","MIT","https://github.com/lodash/lodash"
"log-symbols@2.2.0","MIT","https://github.com/sindresorhus/log-symbols"
"loglevelnext@1.0.5","MIT","https://github.com/shellscape/loglevelnext"
"long@3.2.0","Apache-2.0","https://github.com/dcodeIO/long.js"
"long@4.0.0","Apache-2.0","https://github.com/dcodeIO/long.js"
"lower-case@1.1.4","MIT","https://github.com/blakeembrey/lower-case"
"lru-cache@4.1.3","ISC","https://github.com/isaacs/node-lru-cache"
"make-dir@1.3.0","MIT","https://github.com/sindresorhus/make-dir"
"mamacro@0.0.3","MIT",""
"map-cache@0.2.2","MIT","https://github.com/jonschlinkert/map-cache"
"map-stream@0.1.0","UNKNOWN","https://github.com/dominictarr/map-stream"
"map-visit@1.0.0","MIT","https://github.com/jonschlinkert/map-visit"
"math-random@1.0.1","MIT","https://github.com/michaelrhodes/math-random"
"md5.js@1.3.4","MIT","https://github.com/crypto-browserify/md5.js"
"mdn-data@1.1.4","MPL-2.0","https://github.com/mdn/data"
"mem@1.1.0","MIT","https://github.com/sindresorhus/mem"
"memory-fs@0.4.1","MIT","https://github.com/webpack/memory-fs"
"micromatch@2.3.11","MIT","https://github.com/jonschlinkert/micromatch"
"micromatch@3.1.10","MIT","https://github.com/micromatch/micromatch"
"miller-rabin@4.0.1","MIT","https://github.com/indutny/miller-rabin"
"mime-db@1.35.0","MIT","https://github.com/jshttp/mime-db"
"mime-types@2.1.19","MIT","https://github.com/jshttp/mime-types"
"mime@1.4.1","MIT","https://github.com/broofa/node-mime"
"mimic-fn@1.2.0","MIT","https://github.com/sindresorhus/mimic-fn"
"mini-css-extract-plugin@0.4.1","MIT","https://github.com/webpack-contrib/mini-css-extract-plugin"
"minimalistic-assert@1.0.1","ISC","https://github.com/calvinmetcalf/minimalistic-assert"
"minimalistic-crypto-utils@1.0.1","MIT","https://github.com/indutny/minimalistic-crypto-utils"
"minimatch@3.0.4","ISC","https://github.com/isaacs/minimatch"
"minimist@0.0.8","MIT","https://github.com/substack/minimist"
"mississippi@2.0.0","BSD-2-Clause","https://github.com/maxogden/mississippi"
"mixin-deep@1.3.1","MIT","https://github.com/jonschlinkert/mixin-deep"
"mkdirp@0.3.5","MIT","https://github.com/substack/node-mkdirp"
"mkdirp@0.5.1","MIT","https://github.com/substack/node-mkdirp"
"morgan@1.9.0","MIT","https://github.com/expressjs/morgan"
"move-concurrently@1.0.1","ISC","https://github.com/npm/move-concurrently"
"ms@0.7.1","MIT*","https://github.com/guille/ms.js"
"ms@2.0.0","MIT","https://github.com/zeit/ms"
"mute-stream@0.0.7","ISC","https://github.com/isaacs/mute-stream"
"nanomatch@1.2.13","MIT","https://github.com/micromatch/nanomatch"
"negotiator@0.6.1","MIT","https://github.com/jshttp/negotiator"
"neo-async@2.5.1","MIT","https://github.com/suguru03/neo-async"
"next-tick@1.0.0","MIT","https://github.com/medikoo/next-tick"
"nice-try@1.0.4","MIT","https://github.com/electerious/nice-try"
"no-case@2.3.2","MIT","https://github.com/blakeembrey/no-case"
"node-libs-browser@2.1.0","MIT","https://github.com/webpack/node-libs-browser"
"node-releases@1.0.0-alpha.10","CC-BY-4.0","https://github.com/chicoxyzzy/node-releases"
"nopt@2.2.1","MIT","https://github.com/isaacs/nopt"
"normalize-package-data@2.4.0","BSD-2-Clause","https://github.com/npm/normalize-package-data"
"normalize-path@2.1.1","MIT","https://github.com/jonschlinkert/normalize-path"
"normalize-range@0.1.2","MIT","https://github.com/jamestalmage/normalize-range"
"normalize-url@3.2.0","MIT","https://github.com/sindresorhus/normalize-url"
"npm-run-path@2.0.2","MIT","https://github.com/sindresorhus/npm-run-path"
"nth-check@1.0.1","BSD","https://github.com/fb55/nth-check"
"num2fraction@1.2.2","MIT","https://github.com/yisibl/num2fraction"
"number-is-nan@1.0.1","MIT","https://github.com/sindresorhus/number-is-nan"
"object-assign@4.1.1","MIT","https://github.com/sindresorhus/object-assign"
"object-copy@0.1.0","MIT","https://github.com/jonschlinkert/object-copy"
"object-keys@1.0.12","MIT","https://github.com/ljharb/object-keys"
"object-visit@1.0.1","MIT","https://github.com/jonschlinkert/object-visit"
"object.assign@4.1.0","MIT","https://github.com/ljharb/object.assign"
"object.getownpropertydescriptors@2.0.3","MIT","https://github.com/ljharb/object.getownpropertydescriptors"
"object.omit@2.0.1","MIT","https://github.com/jonschlinkert/object.omit"
"object.pick@1.3.0","MIT","https://github.com/jonschlinkert/object.pick"
"object.values@1.0.4","MIT","https://github.com/es-shims/Object.values"
"on-finished@2.3.0","MIT","https://github.com/jshttp/on-finished"
"on-headers@1.0.1","MIT","https://github.com/jshttp/on-headers"
"once@1.4.0","ISC","https://github.com/isaacs/once"
"onetime@2.0.1","MIT","https://github.com/sindresorhus/onetime"
"opn@5.3.0","MIT","https://github.com/sindresorhus/opn"
"os-browserify@0.3.0","MIT","https://github.com/CoderPuppy/os-browserify"
"os-locale@2.1.0","MIT","https://github.com/sindresorhus/os-locale"
"os-tmpdir@1.0.2","MIT","https://github.com/sindresorhus/os-tmpdir"
"p-finally@1.0.0","MIT","https://github.com/sindresorhus/p-finally"
"p-limit@1.3.0","MIT","https://github.com/sindresorhus/p-limit"
"p-limit@2.0.0","MIT","https://github.com/sindresorhus/p-limit"
"p-locate@2.0.0","MIT","https://github.com/sindresorhus/p-locate"
"p-locate@3.0.0","MIT","https://github.com/sindresorhus/p-locate"
"p-try@1.0.0","MIT","https://github.com/sindresorhus/p-try"
"p-try@2.0.0","MIT","https://github.com/sindresorhus/p-try"
"pako@1.0.6","(MIT AND Zlib)","https://github.com/nodeca/pako"
"parallel-transform@1.1.0","MIT","https://github.com/mafintosh/parallel-transform"
"param-case@2.1.1","MIT","https://github.com/blakeembrey/param-case"
"parse-asn1@5.1.1","ISC","https://github.com/crypto-browserify/parse-asn1"
"parse-glob@3.0.4","MIT","https://github.com/jonschlinkert/parse-glob"
"parse-json@4.0.0","MIT","https://github.com/sindresorhus/parse-json"
"parseurl@1.3.2","MIT","https://github.com/pillarjs/parseurl"
"pascalcase@0.1.1","MIT","https://github.com/jonschlinkert/pascalcase"
"path-browserify@0.0.0","MIT","https://github.com/substack/path-browserify"
"path-dirname@1.0.2","MIT","https://github.com/es128/path-dirname"
"path-exists@3.0.0","MIT","https://github.com/sindresorhus/path-exists"
"path-is-absolute@1.0.1","MIT","https://github.com/sindresorhus/path-is-absolute"
"path-key@2.0.1","MIT","https://github.com/sindresorhus/path-key"
"path-type@3.0.0","MIT","https://github.com/sindresorhus/path-type"
"pause-stream@0.0.11","MIT,Apache2","https://github.com/dominictarr/pause-stream"
"pbkdf2@3.0.16","MIT","https://github.com/crypto-browserify/pbkdf2"
"pify@3.0.0","MIT","https://github.com/sindresorhus/pify"
"pkg-dir@2.0.0","MIT","https://github.com/sindresorhus/pkg-dir"
"posix-character-classes@0.1.1","MIT","https://github.com/jonschlinkert/posix-character-classes"
"postcss-attribute-case-insensitive@3.0.1","MIT","https://github.com/Semigradsky/postcss-attribute-case-insensitive"
"postcss-calc@6.0.1","MIT","https://github.com/postcss/postcss-calc"
"postcss-color-functional-notation@1.0.2","CC0-1.0","https://github.com/jonathantneal/postcss-color-functional-notation"
"postcss-color-hex-alpha@3.0.0","MIT","https://github.com/postcss/postcss-color-hex-alpha"
"postcss-color-mod-function@2.4.3","CC0-1.0","https://github.com/jonathantneal/postcss-color-mod-function"
"postcss-color-rebeccapurple@3.1.0","MIT","https://github.com/postcss/postcss-color-rebeccapurple"
"postcss-colormin@4.0.1","MIT","https://github.com/cssnano/cssnano"
"postcss-convert-values@4.0.0","MIT","https://github.com/cssnano/cssnano"
"postcss-custom-media@6.0.0","MIT","https://github.com/postcss/postcss-custom-media"
"postcss-custom-properties@7.0.0","MIT","https://github.com/postcss/postcss-custom-properties"
"postcss-custom-selectors@4.0.1","MIT","https://github.com/postcss/postcss-custom-selectors"
"postcss-dir-pseudo-class@4.0.0","CC0-1.0","https://github.com/jonathantneal/postcss-dir-pseudo-class"
"postcss-discard-comments@4.0.0","MIT","https://github.com/cssnano/cssnano"
"postcss-discard-duplicates@4.0.0","MIT","https://github.com/cssnano/cssnano"
"postcss-discard-empty@4.0.0","MIT","https://github.com/cssnano/cssnano"
"postcss-discard-overridden@4.0.0","MIT","https://github.com/cssnano/cssnano"
"postcss-env-function@1.0.0","CC0-1.0","https://github.com/jonathantneal/postcss-env-function"
"postcss-focus-visible@3.0.0","CC0-1.0","https://github.com/jonathantneal/postcss-focus-visible"
"postcss-focus-within@2.0.0","CC0-1.0","https://github.com/jonathantneal/postcss-focus-within"
"postcss-font-family-system-ui@3.0.0","CC0-1.0","https://github.com/JLHwung/postcss-font-family-system-ui"
"postcss-font-variant@3.0.0","MIT","https://github.com/postcss/postcss-font-variant"
"postcss-gap-properties@1.0.0","CC0-1.0","https://github.com/jonathantneal/postcss-gap-properties"
"postcss-image-set-function@2.0.0","CC0-1.0","https://github.com/jonathantneal/postcss-image-set-function"
"postcss-initial@2.0.0","MIT","https://github.com/maximkoretskiy/postcss-initial"
"postcss-lab-function@1.0.1","CC0-1.0","https://github.com/jonathantneal/postcss-lab-function"
"postcss-load-config@2.0.0","MIT","https://github.com/michael-ciniawsky/postcss-load-config"
"postcss-loader@2.1.6","MIT","https://github.com/postcss/postcss-loader"
"postcss-logical@1.1.1","CC0-1.0","https://github.com/jonathantneal/postcss-logical"
"postcss-media-minmax@3.0.0","MIT","https://github.com/postcss/postcss-media-minmax"
"postcss-merge-longhand@4.0.2","MIT","https://github.com/cssnano/cssnano"
"postcss-merge-rules@4.0.1","MIT","https://github.com/cssnano/cssnano"
"postcss-message-helpers@2.0.0","MIT","https://github.com/MoOx/postcss-message-helpers"
"postcss-minify-font-values@4.0.0","MIT","https://github.com/cssnano/cssnano"
"postcss-minify-gradients@4.0.0","MIT","https://github.com/cssnano/cssnano"
"postcss-minify-params@4.0.0","MIT","https://github.com/cssnano/cssnano"
"postcss-minify-selectors@4.0.0","MIT","https://github.com/cssnano/cssnano"
"postcss-modules-extract-imports@1.2.0","ISC","https://github.com/css-modules/postcss-modules-extract-imports"
"postcss-modules-local-by-default@1.2.0","MIT","https://github.com/css-modules/postcss-modules-local-by-default"
"postcss-modules-scope@1.1.0","ISC","https://github.com/css-modules/postcss-modules-scope"
"postcss-modules-values@1.3.0","ISC","https://github.com/css-modules/postcss-modules-values"
"postcss-nesting@6.0.0","CC0-1.0","https://github.com/jonathantneal/postcss-nesting"
"postcss-normalize-charset@4.0.0","MIT","https://github.com/cssnano/cssnano"
"postcss-normalize-display-values@4.0.0","MIT","https://github.com/cssnano/cssnano"
"postcss-normalize-positions@4.0.0","MIT","https://github.com/cssnano/cssnano"
"postcss-normalize-repeat-style@4.0.0","MIT","https://github.com/cssnano/cssnano"
"postcss-normalize-string@4.0.0","MIT","https://github.com/cssnano/cssnano"
"postcss-normalize-timing-functions@4.0.0","MIT","https://github.com/cssnano/cssnano"
"postcss-normalize-unicode@4.0.0","MIT","https://github.com/cssnano/cssnano"
"postcss-normalize-url@4.0.0","MIT","https://github.com/cssnano/cssnano"
"postcss-normalize-whitespace@4.0.0","MIT","https://github.com/cssnano/cssnano"
"postcss-ordered-values@4.0.0","MIT","https://github.com/cssnano/cssnano"
"postcss-overflow-shorthand@1.0.1","CC0-1.0","https://github.com/jonathantneal/postcss-overflow-shorthand"
"postcss-page-break@1.0.0","MIT","https://github.com/shrpne/postcss-page-break"
"postcss-place@3.0.1","CC0-1.0","https://github.com/jonathantneal/postcss-place"
"postcss-preset-env@5.2.3","CC0-1.0","https://github.com/csstools/postcss-preset-env"
"postcss-pseudo-class-any-link@5.0.0","CC0-1.0","https://github.com/jonathantneal/postcss-pseudo-class-any-link"
"postcss-reduce-initial@4.0.1","MIT","https://github.com/cssnano/cssnano"
"postcss-reduce-transforms@4.0.0","MIT","https://github.com/cssnano/cssnano"
"postcss-replace-overflow-wrap@2.0.0","MIT","https://github.com/MattDiMu/postcss-replace-overflow-wrap"
"postcss-selector-matches@3.0.1","MIT","https://github.com/postcss/postcss-selector-matches"
"postcss-selector-not@3.0.1","MIT","https://github.com/postcss/postcss-selector-not"
"postcss-selector-parser@2.2.3","MIT","https://github.com/postcss/postcss-selector-parser"
"postcss-selector-parser@3.1.1","MIT","https://github.com/postcss/postcss-selector-parser"
"postcss-selector-parser@4.0.0","MIT","https://github.com/postcss/postcss-selector-parser"
"postcss-svgo@4.0.0","MIT","https://github.com/cssnano/cssnano"
"postcss-unique-selectors@4.0.0","MIT","https://github.com/cssnano/cssnano"
"postcss-value-parser@3.3.0","MIT","https://github.com/TrySound/postcss-value-parser"
"postcss-values-parser@1.5.0","MIT","https://github.com/lesshint/postcss-values-parser"
"postcss@6.0.23","MIT","https://github.com/postcss/postcss"
"preserve@0.2.0","MIT","https://github.com/jonschlinkert/preserve"
"pretty-error@2.1.1","MIT","https://github.com/AriaMinaei/pretty-error"
"private@0.1.8","MIT","https://github.com/benjamn/private"
"process-nextick-args@2.0.0","MIT","https://github.com/calvinmetcalf/process-nextick-args"
"process@0.11.10","MIT","https://github.com/shtylman/node-process"
"promise-inflight@1.0.1","ISC","https://github.com/iarna/promise-inflight"
"proxy-middleware@0.15.0","MIT","https://github.com/andrewrk/connect-proxy"
"prr@1.0.1","MIT","https://github.com/rvagg/prr"
"pseudomap@1.0.2","ISC","https://github.com/isaacs/pseudomap"
"public-encrypt@4.0.2","MIT","https://github.com/crypto-browserify/publicEncrypt"
"pump@2.0.1","MIT","https://github.com/mafintosh/pump"
"pumpify@1.5.1","MIT","https://github.com/mafintosh/pumpify"
"punycode@1.3.2","MIT","https://github.com/bestiejs/punycode.js"
"punycode@1.4.1","MIT","https://github.com/bestiejs/punycode.js"
"punycode@2.1.1","MIT","https://github.com/bestiejs/punycode.js"
"q@1.5.1","MIT","https://github.com/kriskowal/q"
"querystring-es3@0.2.1","MIT","https://github.com/mike-spainhower/querystring"
"querystring@0.2.0","MIT","https://github.com/Gozala/querystring"
"randomatic@3.0.0","MIT","https://github.com/jonschlinkert/randomatic"
"randombytes@2.0.6","MIT","https://github.com/crypto-browserify/randombytes"
"randomfill@1.0.4","MIT","https://github.com/crypto-browserify/randomfill"
"range-parser@1.2.0","MIT","https://github.com/jshttp/range-parser"
"read-installed@4.0.3","ISC","https://github.com/isaacs/read-installed"
"read-package-json@2.0.13","ISC","https://github.com/npm/read-package-json"
"readable-stream@1.0.34","MIT","https://github.com/isaacs/readable-stream"
"readable-stream@2.3.6","MIT","https://github.com/nodejs/readable-stream"
"readdir-scoped-modules@1.0.2","ISC","https://github.com/npm/readdir-scoped-modules"
"readdirp@2.1.0","MIT","https://github.com/thlorenz/readdirp"
"recast@0.11.23","MIT","https://github.com/benjamn/recast"
"reduce-css-calc@2.1.4","MIT","https://github.com/MoOx/reduce-css-calc"
"regenerate@1.4.0","MIT","https://github.com/mathiasbynens/regenerate"
"regex-cache@0.4.4","MIT","https://github.com/jonschlinkert/regex-cache"
"regex-not@1.0.2","MIT","https://github.com/jonschlinkert/regex-not"
"regexpu-core@1.0.0","MIT","https://github.com/mathiasbynens/regexpu-core"
"regjsgen@0.2.0","MIT","https://github.com/d10/regjsgen"
"regjsparser@0.1.5","BSD","https://github.com/jviereck/regjsparser"
"relateurl@0.2.7","MIT","https://github.com/stevenvachon/relateurl"
"remove-trailing-separator@1.1.0","ISC","https://github.com/darsain/remove-trailing-separator"
"renderkid@2.0.1","MIT","https://github.com/AriaMinaei/RenderKid"
"repeat-element@1.1.2","MIT","https://github.com/jonschlinkert/repeat-element"
"repeat-string@1.6.1","MIT","https://github.com/jonschlinkert/repeat-string"
"require-directory@2.1.1","MIT","https://github.com/troygoode/node-require-directory"
"require-from-string@2.0.2","MIT","https://github.com/floatdrop/require-from-string"
"require-main-filename@1.0.1","ISC","https://github.com/yargs/require-main-filename"
"resolve-cwd@2.0.0","MIT","https://github.com/sindresorhus/resolve-cwd"
"resolve-from@3.0.0","MIT","https://github.com/sindresorhus/resolve-from"
"resolve-url@0.2.1","MIT","https://github.com/lydell/resolve-url"
"restore-cursor@2.0.0","MIT","https://github.com/sindresorhus/restore-cursor"
"ret@0.1.15","MIT","https://github.com/fent/ret.js"
"rgb-regex@1.0.1","MIT","https://github.com/regexps/rgb-regex"
"rgba-regex@1.0.0","MIT","https://github.com/johnotander/rgba-regex"
"rimraf@2.6.2","ISC","https://github.com/isaacs/rimraf"
"ripemd160@2.0.2","MIT","https://github.com/crypto-browserify/ripemd160"
"run-async@2.3.0","MIT","https://github.com/SBoudrias/run-async"
"run-queue@1.0.3","ISC","https://github.com/iarna/run-queue"
"rxjs@6.2.2","Apache-2.0","https://github.com/reactivex/rxjs"
"safe-buffer@5.1.1","MIT","https://github.com/feross/safe-buffer"
"safe-buffer@5.1.2","MIT","https://github.com/feross/safe-buffer"
"safe-regex@1.1.0","MIT","https://github.com/substack/safe-regex"
"safer-buffer@2.1.2","MIT","https://github.com/ChALkeR/safer-buffer"
"sax@1.2.4","ISC","https://github.com/isaacs/sax-js"
"schema-utils@0.4.5","MIT","https://github.com/webpack-contrib/schema-utils"
"semver@5.5.0","ISC","https://github.com/npm/node-semver"
"send@0.16.2","MIT","https://github.com/pillarjs/send"
"serialize-javascript@1.5.0","BSD-3-Clause","https://github.com/yahoo/serialize-javascript"
"serve-index@1.9.1","MIT","https://github.com/expressjs/serve-index"
"set-blocking@2.0.0","ISC","https://github.com/yargs/set-blocking"
"set-immediate-shim@1.0.1","MIT","https://github.com/sindresorhus/set-immediate-shim"
"set-value@0.4.3","MIT","https://github.com/jonschlinkert/set-value"
"set-value@2.0.0","MIT","https://github.com/jonschlinkert/set-value"
"setimmediate@1.0.5","MIT","https://github.com/YuzuJS/setImmediate"
"setprototypeof@1.1.0","ISC","https://github.com/wesleytodd/setprototypeof"
"sha.js@2.4.11","(MIT AND BSD-3-Clause)","https://github.com/crypto-browserify/sha.js"
"shebang-command@1.2.0","MIT","https://github.com/kevva/shebang-command"
"shebang-regex@1.0.0","MIT","https://github.com/sindresorhus/shebang-regex"
"signal-exit@3.0.2","ISC","https://github.com/tapjs/signal-exit"
"simple-swizzle@0.2.2","MIT","https://github.com/qix-/node-simple-swizzle"
"slash@1.0.0","MIT","https://github.com/sindresorhus/slash"
"slide@1.1.6","ISC","https://github.com/isaacs/slide-flow-control"
"snapdragon-node@2.1.1","MIT","https://github.com/jonschlinkert/snapdragon-node"
"snapdragon-util@3.0.1","MIT","https://github.com/jonschlinkert/snapdragon-util"
"snapdragon@0.8.2","MIT","https://github.com/jonschlinkert/snapdragon"
"source-list-map@2.0.0","MIT","https://github.com/webpack/source-list-map"
"source-map-resolve@0.5.2","MIT","https://github.com/lydell/source-map-resolve"
"source-map-url@0.4.0","MIT","https://github.com/lydell/source-map-url"
"source-map@0.5.7","BSD-3-Clause","https://github.com/mozilla/source-map"
"source-map@0.6.1","BSD-3-Clause","https://github.com/mozilla/source-map"
"spdx-correct@3.0.0","Apache-2.0","https://github.com/jslicense/spdx-correct.js"
"spdx-exceptions@2.1.0","CC-BY-3.0","https://github.com/kemitchell/spdx-exceptions.json"
"spdx-expression-parse@3.0.0","MIT","https://github.com/jslicense/spdx-expression-parse.js"
"spdx-license-ids@3.0.0","CC0-1.0","https://github.com/shinnn/spdx-license-ids"
"split-string@3.1.0","MIT","https://github.com/jonschlinkert/split-string"
"split@0.3.3","MIT","https://github.com/dominictarr/split"
"sprintf-js@1.0.3","BSD-3-Clause","https://github.com/alexei/sprintf.js"
"ssri@5.3.0","ISC","https://github.com/zkat/ssri"
"stable@0.1.8","MIT","https://github.com/Two-Screen/stable"
"static-extend@0.1.2","MIT","https://github.com/jonschlinkert/static-extend"
"statuses@1.3.1","MIT","https://github.com/jshttp/statuses"
"statuses@1.4.0","MIT","https://github.com/jshttp/statuses"
"statuses@1.5.0","MIT","https://github.com/jshttp/statuses"
"stream-browserify@2.0.1","MIT","https://github.com/substack/stream-browserify"
"stream-combiner@0.0.4","MIT","https://github.com/dominictarr/stream-combiner"
"stream-each@1.2.2","MIT","https://github.com/mafintosh/stream-each"
"stream-http@2.8.3","MIT","https://github.com/jhiesey/stream-http"
"stream-shift@1.0.0","MIT","https://github.com/mafintosh/stream-shift"
"string-width@1.0.2","MIT","https://github.com/sindresorhus/string-width"
"string-width@2.1.1","MIT","https://github.com/sindresorhus/string-width"
"string_decoder@0.10.31","MIT","https://github.com/rvagg/string_decoder"
"string_decoder@1.1.1","MIT","https://github.com/nodejs/string_decoder"
"strip-ansi@0.3.0","MIT","https://github.com/sindresorhus/strip-ansi"
"strip-ansi@3.0.1","MIT","https://github.com/chalk/strip-ansi"
"strip-ansi@4.0.0","MIT","https://github.com/chalk/strip-ansi"
"strip-eof@1.0.0","MIT","https://github.com/sindresorhus/strip-eof"
"style-loader@0.21.0","MIT","https://github.com/webpack-contrib/style-loader"
"stylehacks@4.0.0","MIT","https://github.com/cssnano/cssnano"
"supports-color@0.2.0","MIT","https://github.com/sindresorhus/supports-color"
"supports-color@2.0.0","MIT","https://github.com/chalk/supports-color"
"supports-color@5.4.0","MIT","https://github.com/chalk/supports-color"
"svgo@1.0.5","MIT","https://github.com/svg/svgo"
"tapable@1.0.0","MIT","https://github.com/webpack/tapable"
"text-table@0.2.0","MIT","https://github.com/substack/text-table"
"through2@2.0.3","MIT","https://github.com/rvagg/through2"
"through@2.3.8","MIT","https://github.com/dominictarr/through"
"timers-browserify@2.0.10","MIT","https://github.com/jryans/timers-browserify"
"timsort@0.3.0","MIT","https://github.com/mziccard/node-timsort"
"tmp@0.0.33","MIT","https://github.com/raszi/node-tmp"
"to-arraybuffer@1.0.1","MIT","https://github.com/jhiesey/to-arraybuffer"
"to-object-path@0.3.0","MIT","https://github.com/jonschlinkert/to-object-path"
"to-regex-range@2.1.1","MIT","https://github.com/micromatch/to-regex-range"
"to-regex@3.0.2","MIT","https://github.com/jonschlinkert/to-regex"
"toposort@1.0.7","MIT","https://github.com/marcelklehr/toposort"
"treeify@1.1.0","MIT","https://github.com/notatestuser/treeify"
"tslib@1.9.3","Apache-2.0","https://github.com/Microsoft/tslib"
"tty-browserify@0.0.0","MIT","https://github.com/substack/tty-browserify"
"typedarray@0.0.6","MIT","https://github.com/substack/typedarray"
"uglify-es@3.3.9","BSD-2-Clause","https://github.com/mishoo/UglifyJS2#harmony"
"uglify-js@3.4.5","BSD-2-Clause","https://github.com/mishoo/UglifyJS2"
"uglifyjs-webpack-plugin@1.2.7","MIT","https://github.com/webpack-contrib/uglifyjs-webpack-plugin"
"union-value@1.0.0","MIT","https://github.com/jonschlinkert/union-value"
"uniq@1.0.1","MIT","https://github.com/mikolalysenko/uniq"
"uniqs@2.0.0","MIT","https://github.com/fgnass/uniqs"
"unique-filename@1.1.0","ISC","https://github.com/iarna/unique-filename"
"unique-slug@2.0.0","ISC","https://github.com/iarna/unique-slug"
"unix-crypt-td-js@1.0.0","BSD-3-Clause","https://github.com/TimDumol/unix-crypt-td-js"
"unpipe@1.0.0","MIT","https://github.com/stream-utils/unpipe"
"unquote@1.1.1","MIT","https://github.com/lakenen/node-unquote"
"unset-value@1.0.0","MIT","https://github.com/jonschlinkert/unset-value"
"upath@1.1.0","MIT","https://github.com/anodynos/upath"
"upper-case@1.1.3","MIT","https://github.com/blakeembrey/upper-case"
"uri-js@4.2.2","BSD-2-Clause","https://github.com/garycourt/uri-js"
"urix@0.1.0","MIT","https://github.com/lydell/urix"
"url@0.11.0","MIT","https://github.com/defunctzombie/node-url"
"use@3.1.1","MIT","https://github.com/jonschlinkert/use"
"util-deprecate@1.0.2","MIT","https://github.com/TooTallNate/util-deprecate"
"util-extend@1.0.3","MIT","https://github.com/isaacs/util-extend"
"util.promisify@1.0.0","MIT","https://github.com/ljharb/util.promisify"
"util@0.10.3","MIT","https://github.com/defunctzombie/node-util"
"util@0.10.4","MIT","https://github.com/defunctzombie/node-util"
"utila@0.3.3","MIT","https://github.com/AriaMinaei/utila"
"utila@0.4.0","MIT","https://github.com/AriaMinaei/utila"
"utils-merge@1.0.0","MIT","https://github.com/jaredhanson/utils-merge"
"uuid@3.3.2","MIT","https://github.com/kelektiv/node-uuid"
"v8-compile-cache@2.0.0","MIT",""
"validate-npm-package-license@3.0.3","Apache-2.0","https://github.com/kemitchell/validate-npm-package-license.js"
"vary@1.1.2","MIT","https://github.com/jshttp/vary"
"vendors@1.0.2","MIT","https://github.com/wooorm/vendors"
"vm-browserify@0.0.4","MIT","https://github.com/substack/vm-browserify"
"watchpack@1.6.0","MIT","https://github.com/webpack/watchpack"
"webpack-cli@3.1.0","MIT","https://github.com/webpack/webpack-cli"
"webpack-log@1.2.0","MIT","https://github.com/webpack-contrib/webpack-log"
"webpack-sources@1.1.0","MIT","https://github.com/webpack/webpack-sources"
"webpack@4.16.2","MIT","https://github.com/webpack/webpack"
"websocket-driver@0.7.0","MIT","https://github.com/faye/websocket-driver-node"
"websocket-extensions@0.1.3","MIT","https://github.com/faye/websocket-extensions-node"
"which-module@2.0.0","ISC","https://github.com/nexdrew/which-module"
"which@1.3.1","ISC","https://github.com/isaacs/node-which"
"worker-farm@1.6.0","MIT","https://github.com/rvagg/node-worker-farm"
"wrap-ansi@2.1.0","MIT","https://github.com/chalk/wrap-ansi"
"wrappy@1.0.2","ISC","https://github.com/npm/wrappy"
"xregexp@4.0.0","MIT","https://github.com/slevithan/xregexp"
"xtend@4.0.1","MIT","https://github.com/Raynos/xtend"
"y18n@4.0.0","ISC","https://github.com/yargs/y18n"
"yallist@2.1.2","ISC","https://github.com/isaacs/yallist"
"yargs-parser@10.1.0","ISC","https://github.com/yargs/yargs-parser"
"yargs@12.0.1","MIT","https://github.com/yargs/yargs"